Batch,Epoch,MSE_Loss
0,0,1.4806463718414307
1,0,1.3387467861175537
2,0,1.2625504732131958
3,0,1.1807465553283691
4,0,1.0965713262557983
5,0,1.1253433227539062
6,0,0.9704666137695312
7,0,0.924030065536499
8,1,0.7602987885475159
9,1,0.985059916973114
10,1,0.8199019432067871
11,1,0.9144635200500488
12,1,0.7556904554367065
13,1,0.6681616902351379
14,1,0.651542067527771
15,1,0.7932036519050598
16,2,0.6844629645347595
17,2,0.6910356879234314
18,2,0.7458232641220093
19,2,0.6695261597633362
20,2,0.568321943283081
21,2,0.6697696447372437
22,2,0.4816490113735199
23,2,0.6098937392234802
24,3,0.734375
25,3,0.6354430317878723
26,3,0.6055126786231995
27,3,0.63519287109375
28,3,0.5723217129707336
29,3,0.5593761801719666
30,3,0.5577622056007385
31,3,0.6278055310249329
32,4,0.6126383543014526
33,4,0.4344419836997986
34,4,0.5024245977401733
35,4,0.6328322887420654
36,4,0.5776669383049011
37,4,0.44647929072380066
38,4,0.44788146018981934
39,4,0.39848726987838745
40,5,0.5941047072410583
41,5,0.6575719714164734
42,5,0.42418938875198364
43,5,0.4507623612880707
44,5,0.4177824854850769
45,5,0.5510818958282471
46,5,0.38952353596687317
47,5,0.49328136444091797
48,6,0.3694620430469513
49,6,0.5920518636703491
50,6,0.29094913601875305
51,6,0.6514807343482971
52,6,0.6431233882904053
53,6,0.4524097442626953
54,6,0.44040343165397644
55,6,0.42684051394462585
56,7,0.5350850820541382
57,7,0.4150676429271698
58,7,0.445128470659256
59,7,0.4810957610607147
60,7,0.38252484798431396
61,7,0.4577587842941284
62,7,0.2986684739589691
63,7,0.37169161438941956
64,8,0.4413983225822449
65,8,0.5051893591880798
66,8,0.3695048987865448
67,8,0.428571879863739
68,8,0.5470713376998901
69,8,0.3373059332370758
70,8,0.4163748025894165
71,8,0.35498732328414917
72,9,0.29655390977859497
73,9,0.36203938722610474
74,9,0.37283286452293396
75,9,0.490459144115448
76,9,0.3201292157173157
77,9,0.3669065237045288
78,9,0.273305743932724
79,9,0.35002100467681885
80,10,0.38097113370895386
81,10,0.4782826900482178
82,10,0.3672161400318146
83,10,0.270388662815094
84,10,0.2874242961406708
85,10,0.3721988797187805
86,10,0.34346240758895874
87,10,0.3123001754283905
88,11,0.44517096877098083
89,11,0.3237093687057495
90,11,0.36943167448043823
91,11,0.35522404313087463
92,11,0.3514961898326874
93,11,0.35410624742507935
94,11,0.2759830951690674
95,11,0.2351687252521515
96,12,0.5042343735694885
97,12,0.3577675223350525
98,12,0.389960378408432
99,12,0.22078587114810944
100,12,0.31726017594337463
101,12,0.2531251013278961
102,12,0.25058412551879883
103,12,0.23402588069438934
104,13,0.22147901356220245
105,13,0.3236914873123169
106,13,0.277837336063385
107,13,0.31484121084213257
108,13,0.2909170091152191
109,13,0.4893316924571991
110,13,0.5046347975730896
111,13,0.4903903603553772
112,14,0.2640169858932495
113,14,0.303236186504364
114,14,0.39262673258781433
115,14,0.2727591097354889
116,14,0.422087162733078
117,14,0.39430534839630127
118,14,0.31702643632888794
119,14,0.24763256311416626
120,15,0.3237389624118805
121,15,0.27127814292907715
122,15,0.4079051613807678
123,15,0.36969447135925293
124,15,0.37902215123176575
125,15,0.2766261398792267
126,15,0.2562526762485504
127,15,0.35727596282958984
128,16,0.28565514087677
129,16,0.2323712408542633
130,16,0.33245620131492615
131,16,0.33866026997566223
132,16,0.19187849760055542
133,16,0.3451855778694153
134,16,0.38246744871139526
135,16,0.18970289826393127
136,17,0.309360146522522
137,17,0.25071948766708374
138,17,0.21145527064800262
139,17,0.24857152998447418
140,17,0.1579125076532364
141,17,0.18235015869140625
142,17,0.29430726170539856
143,17,0.2774542570114136
144,18,0.23312100768089294
145,18,0.3828544318675995
146,18,0.2541169822216034
147,18,0.13324329257011414
148,18,0.35406070947647095
149,18,0.2505126893520355
150,18,0.2909505069255829
151,18,0.2798158824443817
152,19,0.28016701340675354
153,19,0.20415973663330078
154,19,0.25353696942329407
155,19,0.39968010783195496
156,19,0.2010682225227356
157,19,0.4740270972251892
158,19,0.2655062675476074
159,19,0.18023696541786194
160,20,0.28281369805336
161,20,0.2400515377521515
162,20,0.38039517402648926
163,20,0.29921141266822815
164,20,0.3328443765640259
165,20,0.2471894472837448
166,20,0.35737645626068115
167,20,0.2633543014526367
168,21,0.2057744264602661
169,21,0.25139689445495605
170,21,0.287013977766037
171,21,0.28614357113838196
172,21,0.19810783863067627
173,21,0.23700617253780365
174,21,0.26296570897102356
175,21,0.31021788716316223
176,22,0.3441570997238159
177,22,0.2335166484117508
178,22,0.3387632369995117
179,22,0.27976351976394653
180,22,0.22782759368419647
181,22,0.3050678074359894
182,22,0.37143367528915405
183,22,0.33969008922576904
184,23,0.22747741639614105
185,23,0.1601366549730301
186,23,0.27147459983825684
187,23,0.20052939653396606
188,23,0.18943935632705688
189,23,0.1808546632528305
190,23,0.2695062756538391
191,23,0.2740837037563324
192,24,0.24799589812755585
193,24,0.16417402029037476
194,24,0.3014512062072754
195,24,0.18283231556415558
196,24,0.2974367141723633
197,24,0.21841126680374146
198,24,0.19914232194423676
199,24,0.1620914489030838
200,25,0.306062787771225
201,25,0.2377566546201706
202,25,0.2697179913520813
203,25,0.298383504152298
204,25,0.20482712984085083
205,25,0.23420940339565277
206,25,0.17011837661266327
207,25,0.3076140582561493
208,26,0.15673527121543884
209,26,0.2442237287759781
210,26,0.15776607394218445
211,26,0.3033157289028168
212,26,0.1895393580198288
213,26,0.16640286147594452
214,26,0.27270734310150146
215,26,0.193731427192688
216,27,0.25009724497795105
217,27,0.27447324991226196
218,27,0.2943432927131653
219,27,0.2538376450538635
220,27,0.17769300937652588
221,27,0.19831375777721405
222,27,0.25958192348480225
223,27,0.186340793967247
224,28,0.14345817267894745
225,28,0.23295877873897552
226,28,0.14698974788188934
227,28,0.26177218556404114
228,28,0.1612243503332138
229,28,0.1924847811460495
230,28,0.11988824605941772
231,28,0.227585569024086
232,29,0.19321195781230927
233,29,0.23054689168930054
234,29,0.2744094133377075
235,29,0.17364338040351868
236,29,0.2549726665019989
237,29,0.17730404436588287
238,29,0.2744223475456238
239,29,0.2551591992378235
240,30,0.1568012833595276
241,30,0.24647925794124603
242,30,0.3416176736354828
243,30,0.1650555431842804
244,30,0.19216375052928925
245,30,0.23752756416797638
246,30,0.12393516302108765
247,30,0.2423492819070816
248,31,0.21076858043670654
249,31,0.17616374790668488
250,31,0.1558251827955246
251,31,0.15680544078350067
252,31,0.2372617870569229
253,31,0.18677005171775818
254,31,0.1505848467350006
255,31,0.25906360149383545
256,32,0.14823831617832184
257,32,0.20952683687210083
258,32,0.13103775680065155
259,32,0.20642882585525513
260,32,0.3823009431362152
261,32,0.1529432237148285
262,32,0.12607669830322266
263,32,0.2703632116317749
264,33,0.2307058870792389
265,33,0.165324866771698
266,33,0.2050754427909851
267,33,0.3838815689086914
268,33,0.15472055971622467
269,33,0.1578468382358551
270,33,0.19765330851078033
271,33,0.14341861009597778
272,34,0.18111437559127808
273,34,0.20158302783966064
274,34,0.19461998343467712
275,34,0.14767242968082428
276,34,0.1640736609697342
277,34,0.29387012124061584
278,34,0.14722073078155518
279,34,0.16338308155536652
280,35,0.1237368956208229
281,35,0.20365501940250397
282,35,0.1581553816795349
283,35,0.09415242075920105
284,35,0.16198772192001343
285,35,0.21243400871753693
286,35,0.12171568721532822
287,35,0.22561269998550415
288,36,0.14200244843959808
289,36,0.21158380806446075
290,36,0.34229153394699097
291,36,0.19207608699798584
292,36,0.1729496568441391
293,36,0.1441444456577301
294,36,0.16972044110298157
295,36,0.2829834222793579
296,37,0.21194316446781158
297,37,0.30452778935432434
298,37,0.23831965029239655
299,37,0.1635807752609253
300,37,0.19144956767559052
301,37,0.2131081372499466
302,37,0.26138001680374146
303,37,0.13622133433818817
304,38,0.13948985934257507
305,38,0.314047247171402
306,38,0.1751343160867691
307,38,0.3466108441352844
308,38,0.22953373193740845
309,38,0.20846658945083618
310,38,0.13593357801437378
311,38,0.2092764973640442
312,39,0.23008055984973907
313,39,0.11611730605363846
314,39,0.22769813239574432
315,39,0.18271389603614807
316,39,0.17197036743164062
317,39,0.1964881718158722
318,39,0.15871280431747437
319,39,0.14996962249279022
320,40,0.18646608293056488
321,40,0.17707690596580505
322,40,0.14800980687141418
323,40,0.22793546319007874
324,40,0.3177623152732849
325,40,0.13217027485370636
326,40,0.17304129898548126
327,40,0.17427179217338562
328,41,0.23066677153110504
329,41,0.23478788137435913
330,41,0.18404647707939148
331,41,0.10763338208198547
332,41,0.1532312035560608
333,41,0.22839275002479553
334,41,0.17298971116542816
335,41,0.11714783310890198
336,42,0.19784048199653625
337,42,0.20455197989940643
338,42,0.12616302073001862
339,42,0.21924740076065063
340,42,0.09660610556602478
341,42,0.18081806600093842
342,42,0.13563205301761627
343,42,0.17300482094287872
344,43,0.20405177772045135
345,43,0.16355206072330475
346,43,0.13640989363193512
347,43,0.13070613145828247
348,43,0.2146398425102234
349,43,0.12716586887836456
350,43,0.15448828041553497
351,43,0.11867297440767288
352,44,0.16001085937023163
353,44,0.1362803876399994
354,44,0.13345983624458313
355,44,0.23988962173461914
356,44,0.2282095104455948
357,44,0.09333290904760361
358,44,0.1414840668439865
359,44,0.11611028760671616
360,45,0.24608345329761505
361,45,0.15778635442256927
362,45,0.10582141578197479
363,45,0.18799877166748047
364,45,0.12201418727636337
365,45,0.29467517137527466
366,45,0.17272096872329712
367,45,0.19081246852874756
368,46,0.2563571333885193
369,46,0.16172009706497192
370,46,0.11368203163146973
371,46,0.1680222898721695
372,46,0.17434214055538177
373,46,0.21854686737060547
374,46,0.09376664459705353
375,46,0.151996448636055
376,47,0.15426599979400635
377,47,0.1344418227672577
378,47,0.1197054460644722
379,47,0.1673302799463272
380,47,0.14104430377483368
381,47,0.11386623233556747
382,47,0.15353572368621826
383,47,0.18510782718658447
384,48,0.11788547784090042
385,48,0.22636282444000244
386,48,0.0959417074918747
387,48,0.1356898546218872
388,48,0.12439528107643127
389,48,0.1261885017156601
390,48,0.15858624875545502
391,48,0.16763265430927277
392,49,0.20641423761844635
393,49,0.1616428941488266
394,49,0.10633011907339096
395,49,0.1453985571861267
396,49,0.11962175369262695
397,49,0.26602649688720703
398,49,0.16513247787952423
399,49,0.1380988359451294
400,50,0.17941679060459137
401,50,0.21833376586437225
402,50,0.2504197657108307
403,50,0.22797183692455292
404,50,0.1027260571718216
405,50,0.1924641728401184
406,50,0.15724973380565643
407,50,0.10658937692642212
408,51,0.2309456318616867
409,51,0.18423373997211456
410,51,0.26722443103790283
411,51,0.11933170258998871
412,51,0.11474756896495819
413,51,0.12031842023134232
414,51,0.14648865163326263
415,51,0.18297356367111206
416,52,0.17206791043281555
417,52,0.24344758689403534
418,52,0.19592052698135376
419,52,0.27843981981277466
420,52,0.15082576870918274
421,52,0.1812203824520111
422,52,0.1860121488571167
423,52,0.16437920928001404
424,53,0.12748700380325317
425,53,0.1584397852420807
426,53,0.1002165675163269
427,53,0.17977531254291534
428,53,0.2772078812122345
429,53,0.22129201889038086
430,53,0.14037427306175232
431,53,0.2030058652162552
432,54,0.1161724403500557
433,54,0.1771409660577774
434,54,0.18032094836235046
435,54,0.11969425529241562
436,54,0.12346469610929489
437,54,0.16087183356285095
438,54,0.21008700132369995
439,54,0.19314689934253693
440,55,0.13576440513134003
441,55,0.18622492253780365
442,55,0.16038855910301208
443,55,0.2286282777786255
444,55,0.11792197078466415
445,55,0.1658744066953659
446,55,0.11273262649774551
447,55,0.2115979790687561
448,56,0.13948523998260498
449,56,0.1588752716779709
450,56,0.21023455262184143
451,56,0.10489855706691742
452,56,0.11511865258216858
453,56,0.09806845337152481
454,56,0.13991844654083252
455,56,0.10850226134061813
456,57,0.11839285492897034
457,57,0.19754524528980255
458,57,0.17086483538150787
459,57,0.12802787125110626
460,57,0.1978195756673813
461,57,0.1247829720377922
462,57,0.1830623298883438
463,57,0.17367000877857208
464,58,0.1304766833782196
465,58,0.16214817762374878
466,58,0.1282256692647934
467,58,0.16417981684207916
468,58,0.19307243824005127
469,58,0.17403438687324524
470,58,0.27348801493644714
471,58,0.1105441078543663
472,59,0.16567429900169373
473,59,0.22544077038764954
474,59,0.17351478338241577
475,59,0.13968554139137268
476,59,0.18102890253067017
477,59,0.22243286669254303
478,59,0.16752657294273376
479,59,0.14514605700969696
480,60,0.14198815822601318
481,60,0.12263777107000351
482,60,0.16841740906238556
483,60,0.13750804960727692
484,60,0.3381692171096802
485,60,0.09697522968053818
486,60,0.15706495940685272
487,60,0.2647647559642792
488,61,0.1737632155418396
489,61,0.18766213953495026
490,61,0.11246848851442337
491,61,0.2465781569480896
492,61,0.12047165632247925
493,61,0.16475582122802734
494,61,0.09181472659111023
495,61,0.16358089447021484
496,62,0.13228395581245422
497,62,0.1627805531024933
498,62,0.10497552901506424
499,62,0.1328817754983902
500,62,0.14404277503490448
501,62,0.13084779679775238
502,62,0.11715476959943771
503,62,0.12866297364234924
504,63,0.12074766308069229
505,63,0.1790962964296341
506,63,0.11202966421842575
507,63,0.13646702468395233
508,63,0.24235385656356812
509,63,0.07859563827514648
510,63,0.11385416984558105
511,63,0.1579980105161667
512,64,0.21841087937355042
513,64,0.12705755233764648
514,64,0.13590456545352936
515,64,0.18030105531215668
516,64,0.2002423107624054
517,64,0.12496911734342575
518,64,0.1601155698299408
519,64,0.11340223997831345
520,65,0.17180804908275604
521,65,0.23609469830989838
522,65,0.2436659187078476
523,65,0.18793964385986328
524,65,0.11045902967453003
525,65,0.1714576929807663
526,65,0.18145552277565002
527,65,0.1780467927455902
528,66,0.08318131417036057
529,66,0.0776938796043396
530,66,0.15169884264469147
531,66,0.10581519454717636
532,66,0.1092686653137207
533,66,0.1371135264635086
534,66,0.12177517265081406
535,66,0.09313598275184631
536,67,0.20925460755825043
537,67,0.1583925187587738
538,67,0.1412590742111206
539,67,0.21773973107337952
540,67,0.17826443910598755
541,67,0.1075001135468483
542,67,0.20011243224143982
543,67,0.1236831396818161
544,68,0.1619132161140442
545,68,0.12420854717493057
546,68,0.14486604928970337
547,68,0.11918405443429947
548,68,0.18853186070919037
549,68,0.09534817934036255
550,68,0.15400782227516174
551,68,0.14107322692871094
552,69,0.1815275251865387
553,69,0.1338403820991516
554,69,0.18999208509922028
555,69,0.12331236153841019
556,69,0.09199376404285431
557,69,0.10750644654035568
558,69,0.23613998293876648
559,69,0.08949559181928635
560,70,0.20509333908557892
561,70,0.11444148421287537
562,70,0.16261303424835205
563,70,0.13811597228050232
564,70,0.08274667710065842
565,70,0.10791867226362228
566,70,0.08495978266000748
567,70,0.11644618213176727
568,71,0.11627169698476791
569,71,0.2710703909397125
570,71,0.1308925300836563
571,71,0.1405118703842163
572,71,0.11384623497724533
573,71,0.10643518716096878
574,71,0.21660366654396057
575,71,0.18744494020938873
576,72,0.11927717924118042
577,72,0.08020452409982681
578,72,0.1383616030216217
579,72,0.25799310207366943
580,72,0.14287389814853668
581,72,0.14188852906227112
582,72,0.14927929639816284
583,72,0.16277696192264557
584,73,0.10111533850431442
585,73,0.14827409386634827
586,73,0.21750572323799133
587,73,0.07186093181371689
588,73,0.07661312073469162
589,73,0.1317702829837799
590,73,0.0759987086057663
591,73,0.15489661693572998
592,74,0.11683525145053864
593,74,0.1092691719532013
594,74,0.20335140824317932
595,74,0.07793620228767395
596,74,0.10387993603944778
597,74,0.20921902358531952
598,74,0.1475989669561386
599,74,0.178766131401062
600,75,0.12991611659526825
601,75,0.10637108981609344
602,75,0.10746132582426071
603,75,0.3004351854324341
604,75,0.08030659705400467
605,75,0.1018495187163353
606,75,0.2681882381439209
607,75,0.09162438660860062
608,76,0.10372582077980042
609,76,0.22949427366256714
610,76,0.28149768710136414
611,76,0.11527521908283234
612,76,0.11883191764354706
613,76,0.19255347549915314
614,76,0.11995761841535568
615,76,0.21942982077598572
616,77,0.11244004219770432
617,77,0.26562654972076416
618,77,0.09549632668495178
619,77,0.16054104268550873
620,77,0.31687861680984497
621,77,0.15468397736549377
622,77,0.18363483250141144
623,77,0.10620429366827011
624,78,0.09100337326526642
625,78,0.14563316106796265
626,78,0.14788807928562164
627,78,0.17686644196510315
628,78,0.17621849477291107
629,78,0.17496490478515625
630,78,0.1434747278690338
631,78,0.16081994771957397
632,79,0.15793833136558533
633,79,0.1705327033996582
634,79,0.17389065027236938
635,79,0.15415753424167633
636,79,0.21707157790660858
637,79,0.40581366419792175
638,79,0.10121440887451172
639,79,0.14786039292812347
640,80,0.09677322208881378
641,80,0.11901484429836273
642,80,0.12948361039161682
643,80,0.12076418101787567
644,80,0.20900848507881165
645,80,0.15007825195789337
646,80,0.10073724389076233
647,80,0.12671704590320587
648,81,0.17309258878231049
649,81,0.1315721869468689
650,81,0.10924234986305237
651,81,0.17749731242656708
652,81,0.08674872666597366
653,81,0.12440500408411026
654,81,0.14538367092609406
655,81,0.09209908545017242
656,82,0.15826669335365295
657,82,0.1066051498055458
658,82,0.17448541522026062
659,82,0.13122233748435974
660,82,0.11573657393455505
661,82,0.09294906258583069
662,82,0.15096107125282288
663,82,0.2696368992328644
664,83,0.21809791028499603
665,83,0.08328556269407272
666,83,0.11264600604772568
667,83,0.11691857129335403
668,83,0.0868610069155693
669,83,0.1149604544043541
670,83,0.1410534679889679
671,83,0.09431952238082886
672,84,0.22276826202869415
673,84,0.21677468717098236
674,84,0.11915402114391327
675,84,0.1414245367050171
676,84,0.21998319029808044
677,84,0.1259014755487442
678,84,0.11460797488689423
679,84,0.1309611201286316
680,85,0.2267218828201294
681,85,0.07828989624977112
682,85,0.15632465481758118
683,85,0.1721012443304062
684,85,0.1448640376329422
685,85,0.14515486359596252
686,85,0.10433019697666168
687,85,0.08611913025379181
688,86,0.08645283430814743
689,86,0.26823920011520386
690,86,0.09126396477222443
691,86,0.10168275237083435
692,86,0.11577963829040527
693,86,0.15544471144676208
694,86,0.1238681897521019
695,86,0.11756868660449982
696,87,0.09218539297580719
697,87,0.08176922053098679
698,87,0.11199718713760376
699,87,0.1303187608718872
700,87,0.1629417985677719
701,87,0.14235219359397888
702,87,0.11365218460559845
703,87,0.06572627276182175
704,88,0.15175043046474457
705,88,0.0935538187623024
706,88,0.22988291084766388
707,88,0.1709563434123993
708,88,0.23697595298290253
709,88,0.10789114236831665
710,88,0.08976433426141739
711,88,0.1460813581943512
712,89,0.12172926962375641
713,89,0.1279890239238739
714,89,0.08474359661340714
715,89,0.21459102630615234
716,89,0.17715059220790863
717,89,0.15885712206363678
718,89,0.10278862714767456
719,89,0.06753940880298615
720,90,0.06425127387046814
721,90,0.2795039117336273
722,90,0.1608254313468933
723,90,0.10874984413385391
724,90,0.09681115299463272
725,90,0.11481770873069763
726,90,0.2052045315504074
727,90,0.10716782510280609
728,91,0.22977077960968018
729,91,0.13456277549266815
730,91,0.10012545436620712
731,91,0.12123873829841614
732,91,0.07909324020147324
733,91,0.1335723102092743
734,91,0.1455329805612564
735,91,0.18554167449474335
736,92,0.17185544967651367
737,92,0.1297847330570221
738,92,0.2717744708061218
739,92,0.1608497053384781
740,92,0.15303634107112885
741,92,0.09452997893095016
742,92,0.1099010556936264
743,92,0.22053055465221405
744,93,0.15458208322525024
745,93,0.20933645963668823
746,93,0.13797636330127716
747,93,0.12488583475351334
748,93,0.09767896682024002
749,93,0.14565563201904297
750,93,0.11606647819280624
751,93,0.15124966204166412
752,94,0.10055729746818542
753,94,0.07226420193910599
754,94,0.10357687622308731
755,94,0.1466391682624817
756,94,0.11196595430374146
757,94,0.12461119890213013
758,94,0.12404674291610718
759,94,0.21762827038764954
760,95,0.11995755136013031
761,95,0.11576466262340546
762,95,0.18500982224941254
763,95,0.1829374134540558
764,95,0.1208452582359314
765,95,0.15434372425079346
766,95,0.2695556581020355
767,95,0.14637590944766998
768,96,0.09718192368745804
769,96,0.07729274034500122
770,96,0.11908828467130661
771,96,0.07514554262161255
772,96,0.13179415464401245
773,96,0.09240062534809113
774,96,0.0700460821390152
775,96,0.14529338479042053
776,97,0.0867425948381424
777,97,0.21470555663108826
778,97,0.12386853247880936
779,97,0.13790838420391083
780,97,0.2019725739955902
781,97,0.14811302721500397
782,97,0.14043356478214264
783,97,0.11862286925315857
784,98,0.11279146373271942
785,98,0.1050085574388504
786,98,0.1617351472377777
787,98,0.10665096342563629
788,98,0.20082400739192963
789,98,0.08697942644357681
790,98,0.09332524985074997
791,98,0.07736088335514069
792,99,0.1257178783416748
793,99,0.17117050290107727
794,99,0.1256696730852127
795,99,0.22735586762428284
796,99,0.09474554657936096
797,99,0.09919200837612152
798,99,0.1604005992412567
799,99,0.15279503166675568
800,100,0.18112269043922424
801,100,0.1017283946275711
802,100,0.0917213186621666
803,100,0.13613782823085785
804,100,0.10196474194526672
805,100,0.11334878206253052
806,100,0.08191671967506409
807,100,0.10373339056968689
808,101,0.07082010060548782
809,101,0.08375866711139679
810,101,0.390451043844223
811,101,0.08131512999534607
812,101,0.10189821571111679
813,101,0.157120943069458
814,101,0.09303459525108337
815,101,0.13132190704345703
816,102,0.08272140473127365
817,102,0.11933176219463348
818,102,0.08878170698881149
819,102,0.056773100048303604
820,102,0.14819347858428955
821,102,0.09002945572137833
822,102,0.08529023826122284
823,102,0.0973978042602539
824,103,0.12466289848089218
825,103,0.20026984810829163
826,103,0.09949864447116852
827,103,0.09042325615882874
828,103,0.15415924787521362
829,103,0.07183868438005447
830,103,0.14516866207122803
831,103,0.1173672303557396
832,104,0.10159633308649063
833,104,0.08607807010412216
834,104,0.058165159076452255
835,104,0.15566037595272064
836,104,0.1289089024066925
837,104,0.10192117094993591
838,104,0.13741716742515564
839,104,0.11148057878017426
840,105,0.1715492606163025
841,105,0.10035960376262665
842,105,0.10695470869541168
843,105,0.10049998015165329
844,105,0.10316520929336548
845,105,0.16213487088680267
846,105,0.12512017786502838
847,105,0.22770676016807556
848,106,0.13169792294502258
849,106,0.08514051139354706
850,106,0.09608528763055801
851,106,0.1189778745174408
852,106,0.11332156509160995
853,106,0.13468919694423676
854,106,0.06459955126047134
855,106,0.14421400427818298
856,107,0.1294613778591156
857,107,0.08470463007688522
858,107,0.09515342861413956
859,107,0.10116264224052429
860,107,0.10082592070102692
861,107,0.083079993724823
862,107,0.16066661477088928
863,107,0.09143540263175964
864,108,0.1211678683757782
865,108,0.09877464920282364
866,108,0.21941888332366943
867,108,0.11849508434534073
868,108,0.22810232639312744
869,108,0.06855552643537521
870,108,0.20858299732208252
871,108,0.08732707798480988
872,109,0.09835974872112274
873,109,0.0882425308227539
874,109,0.08665107935667038
875,109,0.15635976195335388
876,109,0.10638118535280228
877,109,0.10493894666433334
878,109,0.09444696456193924
879,109,0.15932585299015045
880,110,0.0612858347594738
881,110,0.09569963812828064
882,110,0.08050220459699631
883,110,0.13074897229671478
884,110,0.12938348948955536
885,110,0.12463650107383728
886,110,0.10834159702062607
887,110,0.17379730939865112
888,111,0.175394207239151
889,111,0.08237132430076599
890,111,0.20691783726215363
891,111,0.1321541666984558
892,111,0.19205039739608765
893,111,0.12651830911636353
894,111,0.11530811339616776
895,111,0.09972742199897766
896,112,0.04889118671417236
897,112,0.09675084054470062
898,112,0.0831209346652031
899,112,0.2167491465806961
900,112,0.24155430495738983
901,112,0.16263438761234283
902,112,0.21380624175071716
903,112,0.08919776976108551
904,113,0.09267223626375198
905,113,0.10399173945188522
906,113,0.11373716592788696
907,113,0.1261797398328781
908,113,0.08577942848205566
909,113,0.09924395382404327
910,113,0.10582464188337326
911,113,0.14159612357616425
912,114,0.1158962994813919
913,114,0.08111216872930527
914,114,0.10709674656391144
915,114,0.059662312269210815
916,114,0.22704225778579712
917,114,0.1773149073123932
918,114,0.2691876292228699
919,114,0.11727156490087509
920,115,0.16003122925758362
921,115,0.08101566135883331
922,115,0.08568034321069717
923,115,0.09757964313030243
924,115,0.08147138357162476
925,115,0.15611575543880463
926,115,0.08945360779762268
927,115,0.16059617698192596
928,116,0.07881921529769897
929,116,0.16136664152145386
930,116,0.17554904520511627
931,116,0.11232882738113403
932,116,0.11765989661216736
933,116,0.07489284873008728
934,116,0.10069511085748672
935,116,0.23280885815620422
936,117,0.1725684106349945
937,117,0.15599845349788666
938,117,0.0977063775062561
939,117,0.06945348531007767
940,117,0.1588839292526245
941,117,0.10880974680185318
942,117,0.14153023064136505
943,117,0.16524237394332886
944,118,0.08128390461206436
945,118,0.11896660923957825
946,118,0.09722103923559189
947,118,0.10087519884109497
948,118,0.14273658394813538
949,118,0.09431542456150055
950,118,0.1862427145242691
951,118,0.07938922196626663
952,119,0.16886354982852936
953,119,0.11156101524829865
954,119,0.12029672414064407
955,119,0.1051006093621254
956,119,0.11300451308488846
957,119,0.12671217322349548
958,119,0.08710942417383194
959,119,0.1360565721988678
960,120,0.22130991518497467
961,120,0.08246300369501114
962,120,0.10513000190258026
963,120,0.08701606094837189
964,120,0.16741833090782166
965,120,0.13507097959518433
966,120,0.1386725753545761
967,120,0.0787419006228447
968,121,0.06293167918920517
969,121,0.09362385421991348
970,121,0.09935449808835983
971,121,0.11918570846319199
972,121,0.06777463108301163
973,121,0.09438064694404602
974,121,0.07131406664848328
975,121,0.12002532184123993
976,122,0.07761398702859879
977,122,0.15545807778835297
978,122,0.24435089528560638
979,122,0.1270756721496582
980,122,0.1211494728922844
981,122,0.11599720269441605
982,122,0.15483428537845612
983,122,0.09083662927150726
984,123,0.09742521494626999
985,123,0.10082864761352539
986,123,0.17177005112171173
987,123,0.06264876574277878
988,123,0.07843790203332901
989,123,0.1574796438217163
990,123,0.11216205358505249
991,123,0.0884595662355423
992,124,0.20642146468162537
993,124,0.08113393187522888
994,124,0.1231478899717331
995,124,0.17750932276248932
996,124,0.11824346333742142
997,124,0.08335349708795547
998,124,0.17237438261508942
999,124,0.16297824680805206
1000,125,0.10116501152515411
1001,125,0.08732859790325165
1002,125,0.06986141204833984
1003,125,0.13628199696540833
1004,125,0.11643099039793015
1005,125,0.2457594871520996
1006,125,0.21582452952861786
1007,125,0.2766959071159363
1008,126,0.18509314954280853
1009,126,0.2221030443906784
1010,126,0.18698997795581818
1011,126,0.061982739716768265
1012,126,0.11470519751310349
1013,126,0.20116731524467468
1014,126,0.12831522524356842
1015,126,0.14819547533988953
1016,127,0.05489727109670639
1017,127,0.10370434820652008
1018,127,0.10512422770261765
1019,127,0.14091168344020844
1020,127,0.11528155207633972
1021,127,0.10566327720880508
1022,127,0.11507067084312439
1023,127,0.12075697630643845
1024,128,0.14289437234401703
1025,128,0.11246831715106964
1026,128,0.08966251462697983
1027,128,0.08570661395788193
1028,128,0.09668504446744919
1029,128,0.15365710854530334
1030,128,0.12072717398405075
1031,128,0.07429809868335724
1032,129,0.09837419539690018
1033,129,0.06981731206178665
1034,129,0.16131752729415894
1035,129,0.07385927438735962
1036,129,0.0696210265159607
1037,129,0.06143490970134735
1038,129,0.13073629140853882
1039,129,0.11371204257011414
1040,130,0.18344783782958984
1041,130,0.11791875958442688
1042,130,0.13985979557037354
1043,130,0.07277491688728333
1044,130,0.08803079277276993
1045,130,0.13230247795581818
1046,130,0.09323126822710037
1047,130,0.1271974742412567
1048,131,0.10742777585983276
1049,131,0.17199623584747314
1050,131,0.12906917929649353
1051,131,0.08720576018095016
1052,131,0.11348725110292435
1053,131,0.0975627452135086
1054,131,0.06914874166250229
1055,131,0.1432509571313858
1056,132,0.08543780446052551
1057,132,0.06761059910058975
1058,132,0.09952254593372345
1059,132,0.20703674852848053
1060,132,0.21534797549247742
1061,132,0.10367438942193985
1062,132,0.0597289614379406
1063,132,0.07255016267299652
1064,133,0.08794531226158142
1065,133,0.1529109627008438
1066,133,0.08689256757497787
1067,133,0.1486782431602478
1068,133,0.12480095028877258
1069,133,0.10934033989906311
1070,133,0.20010851323604584
1071,133,0.10897402465343475
1072,134,0.08026709407567978
1073,134,0.08881749212741852
1074,134,0.21505336463451385
1075,134,0.1556805968284607
1076,134,0.05278383567929268
1077,134,0.07639288157224655
1078,134,0.07597246766090393
1079,134,0.09461525827646255
1080,135,0.13941198587417603
1081,135,0.15342505276203156
1082,135,0.08558062463998795
1083,135,0.10929206013679504
1084,135,0.08115515112876892
1085,135,0.07438132911920547
1086,135,0.10031212121248245
1087,135,0.13962186872959137
1088,136,0.19819198548793793
1089,136,0.14916986227035522
1090,136,0.06445742398500443
1091,136,0.11555644869804382
1092,136,0.05623316392302513
1093,136,0.12257736176252365
1094,136,0.1188492402434349
1095,136,0.0796019434928894
1096,137,0.16082818806171417
1097,137,0.16384778916835785
1098,137,0.0734131783246994
1099,137,0.08641361445188522
1100,137,0.10834691673517227
1101,137,0.12400529533624649
1102,137,0.1576751172542572
1103,137,0.0712180882692337
1104,138,0.09933505207300186
1105,138,0.10220104455947876
1106,138,0.1294776052236557
1107,138,0.10996872186660767
1108,138,0.07368281483650208
1109,138,0.07535099983215332
1110,138,0.11246044188737869
1111,138,0.21486443281173706
1112,139,0.09655265510082245
1113,139,0.16305196285247803
1114,139,0.07893659919500351
1115,139,0.10042073577642441
1116,139,0.1493818610906601
1117,139,0.05663305148482323
1118,139,0.09205187112092972
1119,139,0.11820445209741592
1120,140,0.155134916305542
1121,140,0.10142053663730621
1122,140,0.09356748312711716
1123,140,0.07996489852666855
1124,140,0.07507548481225967
1125,140,0.1276518851518631
1126,140,0.092034712433815
1127,140,0.15052807331085205
1128,141,0.0892208069562912
1129,141,0.23933443427085876
1130,141,0.07477562874555588
1131,141,0.06286156177520752
1132,141,0.21748070418834686
1133,141,0.08827963471412659
1134,141,0.19445675611495972
1135,141,0.20548300445079803
1136,142,0.20929324626922607
1137,142,0.08791017532348633
1138,142,0.07177867740392685
1139,142,0.10066182166337967
1140,142,0.06565475463867188
1141,142,0.21526077389717102
1142,142,0.15125617384910583
1143,142,0.0670262947678566
1144,143,0.09247913956642151
1145,143,0.23591655492782593
1146,143,0.11020258069038391
1147,143,0.12700185179710388
1148,143,0.13442601263523102
1149,143,0.07805882394313812
1150,143,0.18047502636909485
1151,143,0.07757259160280228
1152,144,0.10747309029102325
1153,144,0.13866746425628662
1154,144,0.2070240080356598
1155,144,0.06767142564058304
1156,144,0.09392019361257553
1157,144,0.14352500438690186
1158,144,0.09064388275146484
1159,144,0.1362220048904419
1160,145,0.10079716891050339
1161,145,0.3179946541786194
1162,145,0.08617032319307327
1163,145,0.1008855402469635
1164,145,0.09703990817070007
1165,145,0.11223527789115906
1166,145,0.14164672791957855
1167,145,0.14118921756744385
1168,146,0.09002962708473206
1169,146,0.18900030851364136
1170,146,0.10550084710121155
1171,146,0.12058325111865997
1172,146,0.10141562670469284
1173,146,0.12546148896217346
1174,146,0.11104747653007507
1175,146,0.10729102045297623
1176,147,0.13016018271446228
1177,147,0.0816110149025917
1178,147,0.09917484223842621
1179,147,0.11116676032543182
1180,147,0.10376736521720886
1181,147,0.11842816323041916
1182,147,0.2668742835521698
1183,147,0.1631554812192917
1184,148,0.08121712505817413
1185,148,0.12315721809864044
1186,148,0.147405743598938
1187,148,0.08606277406215668
1188,148,0.10204938054084778
1189,148,0.0833059623837471
1190,148,0.07753836363554001
1191,148,0.1329236626625061
1192,149,0.12479493021965027
1193,149,0.08176051825284958
1194,149,0.08421458303928375
1195,149,0.11208813637495041
1196,149,0.1742321252822876
1197,149,0.12453140318393707
1198,149,0.17873387038707733
1199,149,0.1324273943901062
1200,150,0.07982801645994186
1201,150,0.11201682686805725
1202,150,0.14524559676647186
1203,150,0.19111095368862152
1204,150,0.10928624868392944
1205,150,0.067814901471138
1206,150,0.10687336325645447
1207,150,0.1852647364139557
1208,151,0.17248107492923737
1209,151,0.17466536164283752
1210,151,0.09775140136480331
1211,151,0.2702111005783081
1212,151,0.1316000372171402
1213,151,0.10017211735248566
1214,151,0.10667803138494492
1215,151,0.06290379166603088
1216,152,0.16859972476959229
1217,152,0.054134950041770935
1218,152,0.08693888038396835
1219,152,0.0929584726691246
1220,152,0.10918856412172318
1221,152,0.0958714485168457
1222,152,0.1470182090997696
1223,152,0.10503482073545456
1224,153,0.1039164662361145
1225,153,0.07024141401052475
1226,153,0.17821016907691956
1227,153,0.11257302016019821
1228,153,0.18116118013858795
1229,153,0.14022202789783478
1230,153,0.07300323247909546
1231,153,0.12015808373689651
1232,154,0.09670768678188324
1233,154,0.120848149061203
1234,154,0.07445547729730606
1235,154,0.08750293403863907
1236,154,0.11234678328037262
1237,154,0.11922542750835419
1238,154,0.12528696656227112
1239,154,0.07045532017946243
1240,155,0.09149189293384552
1241,155,0.05775143951177597
1242,155,0.05885656923055649
1243,155,0.13865120708942413
1244,155,0.057164210826158524
1245,155,0.15979093313217163
1246,155,0.15197601914405823
1247,155,0.09789443016052246
1248,156,0.14352749288082123
1249,156,0.047457050532102585
1250,156,0.14961150288581848
1251,156,0.10960470885038376
1252,156,0.11113398522138596
1253,156,0.09919562935829163
1254,156,0.094048410654068
1255,156,0.09578227996826172
1256,157,0.0905330553650856
1257,157,0.11632837355136871
1258,157,0.07897934317588806
1259,157,0.13002312183380127
1260,157,0.09404212981462479
1261,157,0.07306583225727081
1262,157,0.0628092810511589
1263,157,0.14017754793167114
1264,158,0.07594551891088486
1265,158,0.09284979850053787
1266,158,0.056241318583488464
1267,158,0.11696698516607285
1268,158,0.12116243690252304
1269,158,0.0852736383676529
1270,158,0.11844038218259811
1271,158,0.1250401735305786
1272,159,0.08707153052091599
1273,159,0.10290973633527756
1274,159,0.3223494589328766
1275,159,0.10503806918859482
1276,159,0.0890309065580368
1277,159,0.16773787140846252
1278,159,0.13960213959217072
1279,159,0.20825988054275513
1280,160,0.07620672136545181
1281,160,0.24024978280067444
1282,160,0.1755151003599167
1283,160,0.09056152403354645
1284,160,0.10090615600347519
1285,160,0.08149279654026031
1286,160,0.19242128729820251
1287,160,0.07292306423187256
1288,161,0.08998844772577286
1289,161,0.11385034769773483
1290,161,0.15632042288780212
1291,161,0.11718803644180298
1292,161,0.06899165362119675
1293,161,0.07522432506084442
1294,161,0.0888841524720192
1295,161,0.07086599618196487
1296,162,0.09659280627965927
1297,162,0.16440662741661072
1298,162,0.07655675709247589
1299,162,0.11347917467355728
1300,162,0.11997559666633606
1301,162,0.18371868133544922
1302,162,0.05261528119444847
1303,162,0.09383035451173782
1304,163,0.11589507758617401
1305,163,0.08282015472650528
1306,163,0.06941556185483932
1307,163,0.07879167050123215
1308,163,0.09405599534511566
1309,163,0.06289765238761902
1310,163,0.11572422087192535
1311,163,0.13158661127090454
1312,164,0.14356204867362976
1313,164,0.15162909030914307
1314,164,0.07980921864509583
1315,164,0.09711094945669174
1316,164,0.10546351224184036
1317,164,0.10247089713811874
1318,164,0.12994927167892456
1319,164,0.08571106940507889
1320,165,0.09779198467731476
1321,165,0.12906508147716522
1322,165,0.17354147136211395
1323,165,0.07933761924505234
1324,165,0.08353118598461151
1325,165,0.09600694477558136
1326,165,0.10395830869674683
1327,165,0.11208853125572205
1328,166,0.12371277064085007
1329,166,0.09659252315759659
1330,166,0.137920543551445
1331,166,0.07705683261156082
1332,166,0.167161762714386
1333,166,0.17328666150569916
1334,166,0.09240135550498962
1335,166,0.22671657800674438
1336,167,0.09718906134366989
1337,167,0.12741903960704803
1338,167,0.19195179641246796
1339,167,0.10820178687572479
1340,167,0.12594428658485413
1341,167,0.09443151205778122
1342,167,0.0894084945321083
1343,167,0.1177128255367279
1344,168,0.16538776457309723
1345,168,0.1252284198999405
1346,168,0.15509074926376343
1347,168,0.0964791402220726
1348,168,0.1553267240524292
1349,168,0.13742442429065704
1350,168,0.19006803631782532
1351,168,0.08674559742212296
1352,169,0.09041865170001984
1353,169,0.13122692704200745
1354,169,0.16791760921478271
1355,169,0.1162177175283432
1356,169,0.07426000386476517
1357,169,0.11238088458776474
1358,169,0.12186407297849655
1359,169,0.08980920165777206
1360,170,0.11096028983592987
1361,170,0.10606126487255096
1362,170,0.06851420551538467
1363,170,0.07937397062778473
1364,170,0.0757952332496643
1365,170,0.09922715276479721
1366,170,0.05931699648499489
1367,170,0.13857609033584595
1368,171,0.1376413106918335
1369,171,0.11083729565143585
1370,171,0.15871280431747437
1371,171,0.13618309795856476
1372,171,0.10211139917373657
1373,171,0.13180164992809296
1374,171,0.15947186946868896
1375,171,0.2154037058353424
1376,172,0.10764516890048981
1377,172,0.12135288864374161
1378,172,0.15993589162826538
1379,172,0.16054990887641907
1380,172,0.07254339754581451
1381,172,0.27365368604660034
1382,172,0.0866825208067894
1383,172,0.10375794768333435
1384,173,0.23531708121299744
1385,173,0.23024190962314606
1386,173,0.18297766149044037
1387,173,0.06305434554815292
1388,173,0.059746164828538895
1389,173,0.10074322670698166
1390,173,0.0976141169667244
1391,173,0.23313871026039124
1392,174,0.13294893503189087
1393,174,0.11805741488933563
1394,174,0.22625450789928436
1395,174,0.06375204771757126
1396,174,0.23140449821949005
1397,174,0.2213553786277771
1398,174,0.0952824205160141
1399,174,0.08049733191728592
1400,175,0.0736730769276619
1401,175,0.07770093530416489
1402,175,0.11791138350963593
1403,175,0.17844243347644806
1404,175,0.1285136640071869
1405,175,0.07900460064411163
1406,175,0.08442206680774689
1407,175,0.10514021664857864
1408,176,0.06831870973110199
1409,176,0.11571710556745529
1410,176,0.09231476485729218
1411,176,0.15528889000415802
1412,176,0.09913143515586853
1413,176,0.09329183399677277
1414,176,0.06291206926107407
1415,176,0.09300202131271362
1416,177,0.09643235802650452
1417,177,0.10019755363464355
1418,177,0.05421120673418045
1419,177,0.06649059057235718
1420,177,0.15995654463768005
1421,177,0.11382627487182617
1422,177,0.09155154228210449
1423,177,0.07416824251413345
1424,178,0.1836162805557251
1425,178,0.11561527848243713
1426,178,0.09759384393692017
1427,178,0.09085710346698761
1428,178,0.08154729753732681
1429,178,0.09610258042812347
1430,178,0.10619296878576279
1431,178,0.13970240950584412
1432,179,0.14786037802696228
1433,179,0.1906580924987793
1434,179,0.14925815165042877
1435,179,0.16074010729789734
1436,179,0.08203046023845673
1437,179,0.09603489190340042
1438,179,0.11452410370111465
1439,179,0.09539978951215744
1440,180,0.11526530981063843
1441,180,0.12806616723537445
1442,180,0.12232613563537598
1443,180,0.11302685737609863
1444,180,0.06916947662830353
1445,180,0.08215150982141495
1446,180,0.11200074106454849
1447,180,0.08461692929267883
1448,181,0.09221288561820984
1449,181,0.08362539112567902
1450,181,0.09239061176776886
1451,181,0.07316888123750687
1452,181,0.19935594499111176
1453,181,0.08962511271238327
1454,181,0.10183361172676086
1455,181,0.09324236959218979
1456,182,0.11299660056829453
1457,182,0.11525793373584747
1458,182,0.08839480578899384
1459,182,0.11902646720409393
1460,182,0.07760879397392273
1461,182,0.11084232479333878
1462,182,0.19762200117111206
1463,182,0.06562581658363342
1464,183,0.06769886612892151
1465,183,0.09782110899686813
1466,183,0.12601441144943237
1467,183,0.09676920622587204
1468,183,0.07485221326351166
1469,183,0.07843885570764542
1470,183,0.06703868508338928
1471,183,0.08394619077444077
1472,184,0.11214616149663925
1473,184,0.06715277582406998
1474,184,0.05624387785792351
1475,184,0.05956416204571724
1476,184,0.1018616259098053
1477,184,0.09484189003705978
1478,184,0.07488121837377548
1479,184,0.08276844769716263
1480,185,0.14415042102336884
1481,185,0.12861070036888123
1482,185,0.08807406574487686
1483,185,0.09298361092805862
1484,185,0.09492713958024979
1485,185,0.12846505641937256
1486,185,0.04144905507564545
1487,185,0.08105207234621048
1488,186,0.09754164516925812
1489,186,0.1020214781165123
1490,186,0.11706916987895966
1491,186,0.13363513350486755
1492,186,0.12391000986099243
1493,186,0.0871458649635315
1494,186,0.09692487865686417
1495,186,0.14421454071998596
1496,187,0.06824006140232086
1497,187,0.07376300543546677
1498,187,0.21540212631225586
1499,187,0.15846727788448334
1500,187,0.07061463594436646
1501,187,0.08755571395158768
1502,187,0.14041315019130707
1503,187,0.06857553124427795
1504,188,0.1812163144350052
1505,188,0.08631986379623413
1506,188,0.08770711719989777
1507,188,0.13754436373710632
1508,188,0.06185154616832733
1509,188,0.18514233827590942
1510,188,0.05197712406516075
1511,188,0.15066269040107727
1512,189,0.08398155122995377
1513,189,0.08692748844623566
1514,189,0.11417132616043091
1515,189,0.08070101588964462
1516,189,0.21356521546840668
1517,189,0.05225770175457001
1518,189,0.20423397421836853
1519,189,0.07254040986299515
1520,190,0.0469827763736248
1521,190,0.12559159100055695
1522,190,0.09596768021583557
1523,190,0.15207788348197937
1524,190,0.1729961782693863
1525,190,0.08219360560178757
1526,190,0.07820214331150055
1527,190,0.08215327560901642
1528,191,0.2375415861606598
1529,191,0.12083030492067337
1530,191,0.0951613113284111
1531,191,0.08434049785137177
1532,191,0.12160417437553406
1533,191,0.05780872330069542
1534,191,0.05122444033622742
1535,191,0.11276046931743622
1536,192,0.20533062517642975
1537,192,0.07440037280321121
1538,192,0.2296014279127121
1539,192,0.0657649040222168
1540,192,0.17627348005771637
1541,192,0.058184608817100525
1542,192,0.1721089482307434
1543,192,0.23270264267921448
1544,193,0.15762875974178314
1545,193,0.14799624681472778
1546,193,0.2067176252603531
1547,193,0.08940702676773071
1548,193,0.11751402169466019
1549,193,0.29618558287620544
1550,193,0.11567128449678421
1551,193,0.18400762975215912
1552,194,0.15451893210411072
1553,194,0.07523664832115173
1554,194,0.12574249505996704
1555,194,0.10542487353086472
1556,194,0.10343582928180695
1557,194,0.10751514136791229
1558,194,0.08249256014823914
1559,194,0.10059285908937454
1560,195,0.07526342570781708
1561,195,0.1359957903623581
1562,195,0.15485326945781708
1563,195,0.11111416667699814
1564,195,0.06483153998851776
1565,195,0.09659886360168457
1566,195,0.07185349613428116
1567,195,0.08501989394426346
1568,196,0.1736714243888855
1569,196,0.0871896967291832
1570,196,0.10916364938020706
1571,196,0.10876806080341339
1572,196,0.10868944972753525
1573,196,0.08471474796533585
1574,196,0.1156303808093071
1575,196,0.07493601739406586
1576,197,0.06983191519975662
1577,197,0.1438644826412201
1578,197,0.07482337951660156
1579,197,0.10095236450433731
1580,197,0.16805405914783478
1581,197,0.1924782395362854
1582,197,0.10196532309055328
1583,197,0.09557570517063141
1584,198,0.08014487475156784
1585,198,0.05053877830505371
1586,198,0.08768591284751892
1587,198,0.05169884115457535
1588,198,0.101258285343647
1589,198,0.11606384068727493
1590,198,0.16033799946308136
1591,198,0.056602030992507935
1592,199,0.07711613178253174
1593,199,0.06637492030858994
1594,199,0.08491797745227814
1595,199,0.06138893589377403
1596,199,0.106088787317276
1597,199,0.1264842301607132
1598,199,0.0835333839058876
1599,199,0.066736601293087
1600,200,0.09782300144433975
1601,200,0.05289829149842262
1602,200,0.08734100311994553
1603,200,0.076227568089962
1604,200,0.2717462480068207
1605,200,0.07188455760478973
1606,200,0.07250712066888809
1607,200,0.22877122461795807
1608,201,0.0620415024459362
1609,201,0.10025503486394882
1610,201,0.06911441683769226
1611,201,0.13674479722976685
1612,201,0.15982882678508759
1613,201,0.07803402096033096
1614,201,0.052991803735494614
1615,201,0.056383758783340454
1616,202,0.1055355966091156
1617,202,0.07630564272403717
1618,202,0.10538667440414429
1619,202,0.09245405346155167
1620,202,0.15496566891670227
1621,202,0.10349728912115097
1622,202,0.0801514983177185
1623,202,0.10707233101129532
1624,203,0.06987044960260391
1625,203,0.05408353731036186
1626,203,0.07595878839492798
1627,203,0.09409081190824509
1628,203,0.05862094834446907
1629,203,0.18169640004634857
1630,203,0.1440705806016922
1631,203,0.08616474270820618
1632,204,0.123866006731987
1633,204,0.1596093326807022
1634,204,0.1729196310043335
1635,204,0.09584172070026398
1636,204,0.11585544794797897
1637,204,0.07251810282468796
1638,204,0.08266377449035645
1639,204,0.042973507195711136
1640,205,0.03730536997318268
1641,205,0.10832159966230392
1642,205,0.11822696775197983
1643,205,0.12805739045143127
1644,205,0.19344156980514526
1645,205,0.2780740261077881
1646,205,0.04147826507687569
1647,205,0.11081123352050781
1648,206,0.09716109186410904
1649,206,0.08674468100070953
1650,206,0.056623030453920364
1651,206,0.13734440505504608
1652,206,0.06421145051717758
1653,206,0.07369248569011688
1654,206,0.0723833292722702
1655,206,0.09411896020174026
1656,207,0.1669733226299286
1657,207,0.10418837517499924
1658,207,0.2189469337463379
1659,207,0.16440249979496002
1660,207,0.10005304962396622
1661,207,0.15354406833648682
1662,207,0.119564488530159
1663,207,0.12050168216228485
1664,208,0.08560202270746231
1665,208,0.13477180898189545
1666,208,0.12750987708568573
1667,208,0.19563177227973938
1668,208,0.08834134787321091
1669,208,0.11846807599067688
1670,208,0.07105264067649841
1671,208,0.21833990514278412
1672,209,0.08664350211620331
1673,209,0.05983586236834526
1674,209,0.09825348854064941
1675,209,0.07966157793998718
1676,209,0.10979846864938736
1677,209,0.13255205750465393
1678,209,0.12372633814811707
1679,209,0.07209339737892151
1680,210,0.07935868203639984
1681,210,0.09631004929542542
1682,210,0.3392080068588257
1683,210,0.11073628067970276
1684,210,0.12556393444538116
1685,210,0.15881645679473877
1686,210,0.09160054475069046
1687,210,0.10727862268686295
1688,211,0.09363391995429993
1689,211,0.09423314034938812
1690,211,0.10932488739490509
1691,211,0.07996385544538498
1692,211,0.1391642987728119
1693,211,0.06402253359556198
1694,211,0.0714254155755043
1695,211,0.19955722987651825
1696,212,0.09131326526403427
1697,212,0.07900576293468475
1698,212,0.12410640716552734
1699,212,0.06855569779872894
1700,212,0.1693345308303833
1701,212,0.06615491956472397
1702,212,0.11359565705060959
1703,212,0.17245227098464966
1704,213,0.0949942022562027
1705,213,0.11146283894777298
1706,213,0.09986907243728638
1707,213,0.06087141111493111
1708,213,0.1091250479221344
1709,213,0.11948806792497635
1710,213,0.08736637234687805
1711,213,0.10352864861488342
1712,214,0.0841716006398201
1713,214,0.18749861419200897
1714,214,0.13924646377563477
1715,214,0.09054285287857056
1716,214,0.06733804196119308
1717,214,0.177881121635437
1718,214,0.11513284593820572
1719,214,0.07796633243560791
1720,215,0.08961983770132065
1721,215,0.0854751318693161
1722,215,0.06963703781366348
1723,215,0.09158724546432495
1724,215,0.08638724684715271
1725,215,0.08649331331253052
1726,215,0.109709732234478
1727,215,0.16285592317581177
1728,216,0.11127543449401855
1729,216,0.08377701044082642
1730,216,0.06831740587949753
1731,216,0.07935167849063873
1732,216,0.04549117386341095
1733,216,0.10628291964530945
1734,216,0.12073604762554169
1735,216,0.12264349311590195
1736,217,0.08052045106887817
1737,217,0.1286333054304123
1738,217,0.2613115608692169
1739,217,0.09295156598091125
1740,217,0.0883360505104065
1741,217,0.09307676553726196
1742,217,0.05960052087903023
1743,217,0.12314902245998383
1744,218,0.08177626878023148
1745,218,0.07725617289543152
1746,218,0.09940987825393677
1747,218,0.08482632040977478
1748,218,0.08327200263738632
1749,218,0.10564752668142319
1750,218,0.09175652265548706
1751,218,0.09859390556812286
1752,219,0.12216118723154068
1753,219,0.08038991689682007
1754,219,0.10490933060646057
1755,219,0.07051494717597961
1756,219,0.05453891679644585
1757,219,0.0430375337600708
1758,219,0.08256784081459045
1759,219,0.06523466110229492
1760,220,0.053708530962467194
1761,220,0.09575342386960983
1762,220,0.09760875999927521
1763,220,0.05642127990722656
1764,220,0.10065977275371552
1765,220,0.08359217643737793
1766,220,0.083089180290699
1767,220,0.10750553011894226
1768,221,0.07183118909597397
1769,221,0.2672860026359558
1770,221,0.08405096083879471
1771,221,0.0625435933470726
1772,221,0.062002163380384445
1773,221,0.0718369111418724
1774,221,0.05745074152946472
1775,221,0.10129478573799133
1776,222,0.19765426218509674
1777,222,0.05994301661849022
1778,222,0.07713726162910461
1779,222,0.10195494443178177
1780,222,0.08859164267778397
1781,222,0.16994114220142365
1782,222,0.0951455608010292
1783,222,0.07164864242076874
1784,223,0.06119554117321968
1785,223,0.04366108402609825
1786,223,0.06592448800802231
1787,223,0.05483236908912659
1788,223,0.12792617082595825
1789,223,0.04225049912929535
1790,223,0.13781988620758057
1791,223,0.11022040247917175
1792,224,0.12329381704330444
1793,224,0.10503465682268143
1794,224,0.07368852943181992
1795,224,0.10461967438459396
1796,224,0.06077586114406586
1797,224,0.0811944380402565
1798,224,0.04044758155941963
1799,224,0.07348363846540451
1800,225,0.13199804723262787
1801,225,0.061811305582523346
1802,225,0.05297347903251648
1803,225,0.1463470309972763
1804,225,0.10600772500038147
1805,225,0.06671009212732315
1806,225,0.09937477111816406
1807,225,0.10294036567211151
1808,226,0.07915284484624863
1809,226,0.13369973003864288
1810,226,0.05298289284110069
1811,226,0.10789764672517776
1812,226,0.05320364609360695
1813,226,0.056474748998880386
1814,226,0.13090312480926514
1815,226,0.09440571069717407
1816,227,0.07221362739801407
1817,227,0.20215101540088654
1818,227,0.1477481722831726
1819,227,0.10074907541275024
1820,227,0.2271757274866104
1821,227,0.08852601796388626
1822,227,0.11394286155700684
1823,227,0.07526633143424988
1824,228,0.07704046368598938
1825,228,0.27380165457725525
1826,228,0.09121823310852051
1827,228,0.07084710896015167
1828,228,0.13028310239315033
1829,228,0.1082543358206749
1830,228,0.15953631699085236
1831,228,0.068160280585289
1832,229,0.11318996548652649
1833,229,0.1032005250453949
1834,229,0.07579612731933594
1835,229,0.08721232414245605
1836,229,0.07964010536670685
1837,229,0.2316078543663025
1838,229,0.09247194230556488
1839,229,0.14945195615291595
1840,230,0.07637584954500198
1841,230,0.14774493873119354
1842,230,0.11436336487531662
1843,230,0.14766281843185425
1844,230,0.10067062079906464
1845,230,0.09589249640703201
1846,230,0.1596873253583908
1847,230,0.13492879271507263
1848,231,0.11873719841241837
1849,231,0.09784456342458725
1850,231,0.11758347600698471
1851,231,0.11907791346311569
1852,231,0.151520237326622
1853,231,0.1524076908826828
1854,231,0.07581759244203568
1855,231,0.07704783231019974
1856,232,0.07673528790473938
1857,232,0.05311642214655876
1858,232,0.11726921796798706
1859,232,0.27446290850639343
1860,232,0.049649037420749664
1861,232,0.10254266113042831
1862,232,0.05462689697742462
1863,232,0.09301397949457169
1864,233,0.0869244933128357
1865,233,0.07885639369487762
1866,233,0.09490663558244705
1867,233,0.07417396456003189
1868,233,0.11750224232673645
1869,233,0.05779264494776726
1870,233,0.08741137385368347
1871,233,0.14249145984649658
1872,234,0.07772281765937805
1873,234,0.10208038240671158
1874,234,0.10196899622678757
1875,234,0.05802251771092415
1876,234,0.07428520917892456
1877,234,0.13687458634376526
1878,234,0.05705973505973816
1879,234,0.0628795325756073
1880,235,0.06952105462551117
1881,235,0.08760587871074677
1882,235,0.2099156528711319
1883,235,0.07752671837806702
1884,235,0.11410543322563171
1885,235,0.05622195079922676
1886,235,0.09507551044225693
1887,235,0.09097789973020554
1888,236,0.057445377111434937
1889,236,0.13229942321777344
1890,236,0.07000903785228729
1891,236,0.1600666046142578
1892,236,0.08401104062795639
1893,236,0.05847964435815811
1894,236,0.13085417449474335
1895,236,0.1150064542889595
1896,237,0.07458851486444473
1897,237,0.1286940723657608
1898,237,0.060027409344911575
1899,237,0.0986630991101265
1900,237,0.07970970869064331
1901,237,0.046312905848026276
1902,237,0.04735051095485687
1903,237,0.09578174352645874
1904,238,0.12333409488201141
1905,238,0.11939913779497147
1906,238,0.043883685022592545
1907,238,0.11319568753242493
1908,238,0.09988870471715927
1909,238,0.08787540346384048
1910,238,0.10863610357046127
1911,238,0.0829588770866394
1912,239,0.08799457550048828
1913,239,0.06977850943803787
1914,239,0.06556210666894913
1915,239,0.07629792392253876
1916,239,0.1789742261171341
1917,239,0.05197550356388092
1918,239,0.05505981296300888
1919,239,0.07035752385854721
1920,240,0.12065333127975464
1921,240,0.0974813848733902
1922,240,0.08828622847795486
1923,240,0.03686795383691788
1924,240,0.056693609803915024
1925,240,0.08674833178520203
1926,240,0.08856333792209625
1927,240,0.07807956635951996
1928,241,0.1039913147687912
1929,241,0.173665851354599
1930,241,0.08029256016016006
1931,241,0.07175155729055405
1932,241,0.08161267638206482
1933,241,0.1254083514213562
1934,241,0.05713767930865288
1935,241,0.10109757632017136
1936,242,0.1925419270992279
1937,242,0.11701926589012146
1938,242,0.08920015394687653
1939,242,0.09020102769136429
1940,242,0.1176367849111557
1941,242,0.06813029199838638
1942,242,0.07645079493522644
1943,242,0.06728320568799973
1944,243,0.07440989464521408
1945,243,0.06298205256462097
1946,243,0.1005154624581337
1947,243,0.07626813650131226
1948,243,0.19821232557296753
1949,243,0.06883012503385544
1950,243,0.10823191702365875
1951,243,0.07657712697982788
1952,244,0.0724758505821228
1953,244,0.1754896342754364
1954,244,0.08956973999738693
1955,244,0.04035881534218788
1956,244,0.06725095957517624
1957,244,0.042906131595373154
1958,244,0.11262638121843338
1959,244,0.11230946332216263
1960,245,0.12024900317192078
1961,245,0.07909440249204636
1962,245,0.15391862392425537
1963,245,0.12869791686534882
1964,245,0.10906533896923065
1965,245,0.1516217589378357
1966,245,0.23668046295642853
1967,245,0.15437228977680206
1968,246,0.14503596723079681
1969,246,0.14031091332435608
1970,246,0.06456585228443146
1971,246,0.13525058329105377
1972,246,0.05643172562122345
1973,246,0.1365053951740265
1974,246,0.2199522852897644
1975,246,0.08057540655136108
1976,247,0.06337174028158188
1977,247,0.11783133447170258
1978,247,0.07123572379350662
1979,247,0.14354261755943298
1980,247,0.058319590985774994
1981,247,0.09366413950920105
1982,247,0.06459707021713257
1983,247,0.1035773754119873
1984,248,0.09287939220666885
1985,248,0.10423745959997177
1986,248,0.0382293164730072
1987,248,0.13628855347633362
1988,248,0.060761723667383194
1989,248,0.11889496445655823
1990,248,0.11341005563735962
1991,248,0.1829070895910263
1992,249,0.17261165380477905
1993,249,0.15818746387958527
1994,249,0.12133859843015671
1995,249,0.06569647043943405
1996,249,0.08724433183670044
1997,249,0.09281925857067108
1998,249,0.05632396787405014
1999,249,0.06079082936048508
